sample_idx,tier_used,prediction,gold_label,correct,confidence,latency_ms,bytes_sent
0,1,0,0,True,0.9795123338699341,0.9293430000525404,67
1,1,0,0,True,0.9908605813980103,0.6306740001491562,45
2,1,0,0,True,0.9647862315177917,0.558614999818019,45
3,1,0,0,True,0.9857944250106812,0.5850610000379675,56
4,1,0,0,True,0.9504032731056213,0.5675139998402301,40
5,1,0,0,True,0.9446990489959717,0.5603780000456027,57
6,1,0,0,True,0.9341526627540588,0.5805829998735135,57
7,1,0,0,True,0.9844986796379089,0.5490139999437815,61
8,1,0,0,True,0.9732513427734375,0.5845059999955993,66
9,1,0,0,True,0.6994503736495972,0.5535610000606539,84
10,1,0,0,True,0.9900422096252441,0.5943520000073477,54
11,1,0,0,True,0.999640703201294,0.564167999982601,35
12,1,0,0,True,0.9553412795066833,0.5508250001184933,54
13,1,0,0,True,0.954947829246521,0.5826869999054907,67
14,1,0,0,True,0.9014216065406799,0.5634239998926205,72
15,1,0,0,True,0.8638902902603149,0.5736660000366101,63
16,1,0,0,True,0.7256543040275574,0.5821289998948487,76
17,1,0,0,True,0.9655148983001709,0.5914040000334353,48
18,1,0,0,True,0.9504045844078064,0.5704299999251816,65
19,1,0,0,True,0.9645763039588928,0.548873000070671,49
20,1,0,0,True,0.8337666988372803,0.5817419998948026,66
21,1,0,0,True,0.9751269817352295,0.5404369999268965,47
22,1,0,0,True,0.9137310981750488,0.5746680001266213,63
23,1,0,0,True,0.9723140001296997,0.5416720000539499,47
24,1,0,0,True,0.8932243585586548,0.5718400000205293,53
25,1,0,0,True,0.9976316690444946,0.5804470001748996,43
26,1,0,0,True,0.9637753367424011,0.5479510000441223,47
27,1,0,0,True,0.9970135688781738,0.5769660001533339,38
28,1,0,0,True,0.9470668435096741,0.5708109999886801,67
29,1,0,0,True,0.989284098148346,0.5850499999269232,64
30,1,0,0,True,0.969312846660614,0.5505299998276314,82
31,1,0,0,True,0.9659316539764404,0.5724650000047404,46
32,1,0,0,True,0.9816489219665527,0.5776179998520092,50
33,1,0,0,True,0.9918797612190247,0.6101689998558868,43
34,1,0,0,True,0.9828267097473145,0.5979109998861531,65
35,1,0,0,True,0.9967101812362671,0.5366320001485292,35
36,1,0,0,True,0.9709157347679138,0.581716000169763,36
37,1,0,0,True,0.9834942817687988,0.5637620001834875,41
38,1,0,0,True,0.961526095867157,0.5600219999450928,77
39,1,0,0,True,0.9796760082244873,0.5723299998408038,39
40,1,0,0,True,0.9291881918907166,0.552803000118729,69
41,1,0,0,True,0.9684804677963257,0.5684639997980412,27
42,1,0,0,True,0.997552216053009,0.5410729997947783,44
43,1,0,0,True,0.9953946471214294,0.5695030001788837,51
44,1,0,0,True,0.9737679958343506,0.5650160001096083,57
45,1,0,0,True,0.9759257435798645,0.5519070000445936,53
46,1,0,0,True,0.9953115582466125,0.587950999943132,51
47,1,0,0,True,0.944866955280304,0.5689880001682468,72
48,1,0,0,True,0.6415796875953674,0.5756160001055832,40
49,1,0,0,True,0.9899381399154663,0.5540089998703479,65
50,1,0,0,True,0.9063705801963806,0.5842420000590209,83
51,1,0,0,True,0.9975298047065735,0.572377000025881,37
52,1,0,0,True,0.9927420616149902,0.5475600000863778,50
53,1,0,0,True,0.9842618703842163,0.5796259999897302,44
54,1,0,0,True,0.7936732172966003,0.5442499998480343,52
55,1,0,0,True,0.9769256114959717,0.5751819999204599,53
56,1,0,0,True,0.9813967943191528,0.5535730001611228,40
57,1,0,0,True,0.6652969121932983,0.5816120001327363,93
58,1,0,0,True,0.9186328649520874,0.565348999998605,46
59,1,0,0,True,0.8687813878059387,0.5474980000599317,42
60,1,0,0,True,0.9671364426612854,0.5895770000279299,49
61,1,0,0,True,0.9729858636856079,0.5489210000177991,53
62,1,0,0,True,0.9314594268798828,0.5771850001110579,59
63,1,0,0,True,0.9954196214675903,0.538766000090618,51
64,1,0,0,True,0.9976181387901306,0.5676929999935965,42
65,1,0,0,True,0.9933069348335266,0.5375339999318385,39
66,1,0,0,True,0.9924589991569519,0.5728539999836357,46
67,1,0,0,True,0.9515122771263123,0.5769659999259602,47
68,1,0,0,True,0.7856663465499878,0.5690800001048046,109
69,1,0,0,True,0.9944530129432678,0.5776529999366176,56
70,1,0,0,True,0.9808501601219177,0.5407549999745243,44
71,1,0,0,True,0.9994590878486633,0.5709849999675498,47
72,1,0,0,True,0.9772959351539612,0.5451209999591811,66
73,1,0,0,True,0.977940022945404,0.5762850000792241,65
74,1,0,0,True,0.935432493686676,0.5786700000953715,66
75,1,0,0,True,0.9668790698051453,0.5562439998811897,27
76,1,0,0,True,0.9855741858482361,0.5748460000631894,43
77,1,0,0,True,0.9999818801879883,0.5406549998951959,37
78,1,0,0,True,0.9953052997589111,0.5704269999569078,45
79,1,0,0,True,0.961927056312561,0.5398230000537296,44
80,1,0,0,True,0.9867653250694275,0.5774239998572739,59
81,1,0,0,True,0.9100911617279053,0.5660350000198378,46
82,1,0,0,True,0.9961015582084656,0.5443369998374692,47
83,1,0,0,True,0.9471416473388672,0.576624999894193,68
84,1,0,0,True,0.9918749928474426,0.553693999790994,47
85,1,0,0,True,0.9735013842582703,0.5962060001820646,65
86,1,0,0,True,0.9997978806495667,0.5514949998541852,45
87,1,0,0,True,0.9628773927688599,0.57751700001063,70
88,1,0,0,True,0.9967411160469055,0.5737979997775255,37
89,1,0,0,True,0.9715258479118347,0.5441480000172305,43
90,1,0,0,True,0.9979423880577087,0.5770119998942391,56
91,1,0,0,True,0.9900339245796204,0.5387559999689984,39
92,1,0,0,True,0.9925529360771179,0.5950769998435135,52
93,1,0,0,True,0.7365063428878784,0.5409359998793661,44
94,1,0,0,True,0.9845641851425171,0.5691010001100949,28
95,1,0,0,True,0.9747673869132996,0.5966539999917586,55
96,1,0,0,True,0.9922122359275818,0.5456129999856785,41
97,1,0,0,True,0.98854660987854,0.5723419999412727,56
98,1,0,0,True,0.9784224033355713,0.5412519999481447,47
99,1,0,0,True,0.997191846370697,0.6031249999978172,39
100,1,1,1,True,0.9986655712127686,0.5437989998426929,38
101,1,1,1,True,0.9893593192100525,0.5793169998469239,51
102,1,1,1,True,0.9781511425971985,0.5918839999594638,94
103,1,1,1,True,0.983150064945221,0.5503690001660289,36
104,1,1,1,True,0.9886958003044128,0.577675999920757,65
105,1,1,1,True,0.9810563325881958,0.5445319998216291,53
106,1,1,1,True,0.7034647464752197,0.5757290000474313,54
107,1,1,1,True,0.9836385846138,0.5530989999442681,93
108,1,1,1,True,0.9841358661651611,0.5751230000896612,32
109,1,1,1,True,0.9617855548858643,0.5719209998460428,64
110,1,1,1,True,0.9572871923446655,0.5436640001335036,41
111,1,1,1,True,0.9926426410675049,0.5728520000047865,55
112,1,1,1,True,0.9351006150245667,0.5363870000110182,33
113,1,1,1,True,0.9919869899749756,0.5741270001635712,54
114,1,1,1,True,0.9914489388465881,0.5566169998019177,49
115,1,1,1,True,0.9765616655349731,0.6406579998383677,33
116,1,1,1,True,0.982830286026001,0.5790559998786193,57
117,1,1,1,True,0.9832128882408142,0.5560209999657673,62
118,2,1,1,True,0.9893681406974792,3.3353899998473935,53
119,1,1,1,True,0.9821062088012695,0.6297960001120373,53
120,1,1,1,True,0.9980990290641785,0.5820219998895482,38
121,1,1,1,True,0.8535338044166565,0.589146999800505,75
122,1,1,1,True,0.8602030873298645,0.5865830000857386,80
123,1,1,1,True,0.9983347058296204,0.5718019999676471,55
124,1,1,1,True,0.9878688454627991,0.5466980001074262,39
125,1,1,1,True,0.9672163128852844,0.5928450000283192,26
126,1,1,1,True,0.9180739521980286,0.555586000018593,80
127,1,1,1,True,0.9695556163787842,0.582447999931901,72
128,1,1,1,True,0.98751300573349,0.5474750000757922,50
129,1,1,1,True,0.9933603405952454,0.5711440001050505,52
130,1,1,1,True,0.8832507133483887,0.5721349998566438,49
131,1,1,1,True,0.9953169822692871,0.5567569999129773,54
132,1,1,1,True,0.9952121376991272,0.5748850001054961,15
133,1,1,1,True,0.9987327456474304,0.5581379998602642,64
134,1,1,1,True,0.9945945739746094,0.5925890000071377,44
135,1,1,1,True,0.9387943148612976,0.5434889999378356,45
136,1,1,1,True,0.9360544085502625,0.5759240000315913,61
137,1,1,1,True,0.9908167123794556,0.5729630001951591,44
138,1,1,1,True,0.9984288811683655,0.5513450000762532,46
139,1,1,1,True,0.9804742336273193,0.5844140000590414,82
140,1,1,1,True,0.9977775812149048,0.5377810000481986,40
141,1,1,1,True,0.9747495651245117,0.5729320000682492,49
142,1,1,1,True,0.913047194480896,0.5460750001020642,62
143,1,1,1,True,0.9144873023033142,0.5774129999736033,59
144,1,1,1,True,0.9967787861824036,0.5774789999577479,70
145,1,1,1,True,0.9358901977539062,0.5458470000121451,34
146,1,1,1,True,0.8991415500640869,0.5922729999383591,47
147,1,1,1,True,0.9374011754989624,0.5494959998486593,63
148,1,1,1,True,0.9994211196899414,0.5744449999838253,60
149,1,1,1,True,0.9929068684577942,0.5461630000809237,42
150,1,1,1,True,0.9566681981086731,0.581168000053367,55
151,1,1,1,True,0.897148072719574,0.5854300000009971,66
152,1,1,1,True,0.9944326281547546,0.547329000028185,53
153,1,1,1,True,0.9721683263778687,0.5904130000544683,69
154,1,1,1,True,0.9885731935501099,0.5459829999381327,62
155,1,1,1,True,0.9082242250442505,0.5828650000694324,49
156,1,1,1,True,0.9953814744949341,0.5453069998111459,71
157,1,1,1,True,0.9856562614440918,0.589098000091326,93
158,1,1,1,True,0.9940432906150818,0.5722309999782738,41
159,1,1,1,True,0.9993162155151367,0.5538489999707963,69
160,1,1,1,True,0.9935160875320435,0.5902570001126151,44
161,1,1,1,True,0.8211142420768738,0.5425140000170359,31
162,1,1,1,True,0.9050074219703674,0.572874999988926,42
163,1,1,1,True,0.865852952003479,0.5476849999013211,60
164,1,1,1,True,0.6475068926811218,0.5786480001006566,63
165,1,1,1,True,0.9928633570671082,0.5690370001047995,56
166,1,1,1,True,0.9295008182525635,0.5645710000408144,73
167,1,1,1,True,0.9881159067153931,0.5854070000168576,106
168,1,1,1,True,0.9823212623596191,0.5636830001094495,84
169,1,1,1,True,0.9638652205467224,0.5739750001794164,51
170,1,1,1,True,0.995010495185852,0.5490720000125293,81
171,1,1,1,True,0.9968070983886719,0.5768030000581348,66
172,1,1,1,True,0.990270733833313,0.573447999840937,66
173,1,1,1,True,0.9982706904411316,0.5568269998548203,50
174,1,1,1,True,0.977430522441864,0.589778999938062,97
175,1,1,1,True,0.9086983799934387,0.5479860001287307,74
176,1,1,1,True,0.9979615211486816,0.5705769999622134,43
177,1,1,1,True,0.617919921875,0.5473609999171458,75
178,1,1,1,True,0.9863224029541016,0.5806039998788037,88
179,1,1,1,True,0.9905825853347778,0.5987100000766077,56
180,1,1,1,True,0.913256049156189,0.5604350001249259,96
181,1,1,1,True,0.9521469473838806,0.5913080001391791,70
182,1,1,1,True,0.9536723494529724,0.5525020001186931,82
183,1,1,1,True,0.9835154414176941,0.5706559998088778,27
184,1,1,1,True,0.9871118664741516,0.5846420001489605,71
185,1,1,1,True,0.9948143362998962,0.5613939999875583,71
186,1,1,1,True,0.8653539419174194,0.5747960001372121,43
187,1,1,1,True,0.9774617552757263,0.5501569999069034,60
188,1,1,1,True,0.9951011538505554,0.5781730001217511,58
189,1,1,1,True,0.9940952658653259,0.5473369999435818,66
190,1,1,1,True,0.9688000082969666,0.5762399998729961,79
191,1,1,1,True,0.98876953125,0.5609880001884449,44
192,1,1,1,True,0.9987418055534363,0.5580680001457949,27
193,1,1,1,True,0.9512145519256592,0.579912000148397,82
194,1,1,1,True,0.959638237953186,0.5437659999643074,23
195,1,1,1,True,0.9155888557434082,0.5947639999703824,66
196,1,1,1,True,0.9946722388267517,0.5524010000499402,75
197,1,1,1,True,0.977042555809021,0.5794510000214359,79
198,1,1,1,True,0.9923797845840454,0.5746199999521195,79
199,1,1,1,True,0.891192615032196,0.5522459998701379,55
200,1,2,2,True,0.9976550340652466,0.5717899998671783,43
201,1,2,2,True,0.9833652377128601,0.5567099999552738,50
202,1,2,2,True,0.9991940855979919,0.571241999978156,41
203,1,2,2,True,0.8854449391365051,0.5460660001972428,27
204,1,2,2,True,0.9904639720916748,0.5767630000264035,67
205,1,2,2,True,0.8848825693130493,0.5592980000983516,29
206,1,2,2,True,0.9835003614425659,0.5460670001866674,24
207,1,2,2,True,0.9975481629371643,0.5704519999198965,44
208,1,2,2,True,0.9815537929534912,0.5482770000071469,60
209,2,2,2,True,0.9887685775756836,3.191610000158107,31
210,1,2,2,True,0.9920111894607544,0.6467709999924409,37
211,2,2,2,True,0.9899223446846008,3.004547000045932,61
212,1,2,2,True,0.8523064851760864,0.6680960000267078,66
213,1,2,2,True,0.9974929094314575,0.5540559998280514,43
214,1,2,2,True,0.9026133418083191,0.5885099999431986,77
215,1,2,2,True,0.9004274010658264,0.5618269999558834,50
216,1,2,2,True,0.8282263875007629,0.5715160000363539,32
217,1,2,2,True,0.9364588260650635,0.5790969998997753,52
218,1,2,2,True,0.9805229306221008,0.5617970000457717,106
219,1,2,2,True,0.9884065389633179,0.5813469999793597,50
220,1,2,2,True,0.9664537906646729,0.556706999987,62
221,1,2,2,True,0.9293280839920044,0.6017009998231515,83
222,1,2,2,True,0.9634764790534973,0.5640609999773005,45
223,1,2,2,True,0.9893288016319275,0.55009700008668,45
224,1,2,2,True,0.9991631507873535,0.5722840000998985,41
225,1,2,2,True,0.9959844350814819,0.5562579999605077,57
226,1,2,2,True,0.9984368681907654,0.5767490001744591,33
227,2,2,2,True,0.9906120896339417,3.086754000150904,75
228,1,2,2,True,0.9183180928230286,0.6855929998437205,93
229,1,2,2,True,0.9607259035110474,0.5622489998131641,59
230,1,2,2,True,0.99872225522995,0.5784369998309558,29
231,1,2,2,True,0.9904823899269104,0.5589579998286354,50
232,1,2,2,True,0.8786004781723022,0.5902599998535152,67
233,1,2,2,True,0.9641489386558533,0.5536390001452673,70
234,1,2,2,True,0.9578664898872375,0.5763379999734752,29
235,2,2,2,True,0.8286278247833252,2.955054000040036,22
236,1,2,2,True,0.9720779657363892,0.678233999906297,75
237,1,2,2,True,0.9948659539222717,0.5653140001413703,41
238,1,2,2,True,0.9987370371818542,0.5807580000691814,33
239,1,2,2,True,0.9994689226150513,0.5478459997902974,45
240,1,2,2,True,0.9993125796318054,0.5856119998952636,46
241,1,2,2,True,0.9769569635391235,0.581456999952934,52
242,1,2,2,True,0.9965437054634094,0.5484000000706146,40
243,1,2,2,True,0.9954200387001038,0.5701430000044638,34
244,1,2,2,True,0.9949126243591309,0.5582840001352452,48
245,1,2,2,True,0.9028284549713135,0.5781959998785169,49
246,1,2,2,True,0.9964268803596497,0.5422389999694133,24
247,1,2,2,True,0.9923707246780396,0.6014620000769355,53
248,1,2,2,True,0.9960777163505554,0.5789790000108042,43
249,1,2,2,True,0.9755433201789856,0.5491639999490872,40
250,1,2,2,True,0.9948986172676086,0.5758039999363973,36
251,1,2,2,True,0.9961363673210144,0.5644160000883858,69
252,1,2,2,True,0.918937623500824,0.5802430000585446,80
253,1,2,2,True,0.8401473760604858,0.5576250000558503,77
254,1,2,2,True,0.969974935054779,0.577935999899637,58
255,1,2,2,True,0.9914998412132263,0.5772699998942699,44
256,1,2,2,True,0.9819127321243286,0.5577870001616247,78
257,1,2,2,True,0.9908539056777954,0.5797769999844604,82
258,1,2,2,True,0.9258772134780884,0.5459809999592835,63
259,1,2,2,True,0.8555101156234741,0.5766060000951256,68
260,1,2,2,True,0.9470410943031311,0.5471540000598907,54
261,1,2,2,True,0.9368390440940857,0.582118999773229,62
262,1,2,2,True,0.996381402015686,0.5690220000360569,42
263,1,2,2,True,0.9165079593658447,0.5508209999334213,63
264,1,2,2,True,0.9616804718971252,0.5745519999891258,45
265,1,2,2,True,0.9699088931083679,0.5456139999751031,64
266,1,2,2,True,0.9845619797706604,0.5724489999465732,43
267,2,2,2,True,0.9907091856002808,3.1934880000790145,63
268,1,2,2,True,0.9914215803146362,0.6604499999411928,64
269,1,2,2,True,0.957945704460144,0.5595380000613659,76
270,1,2,2,True,0.9027444124221802,0.5877999999484018,58
271,1,2,2,True,0.984809935092926,0.5471330000546004,51
272,1,2,2,True,0.8932730555534363,0.5770170000687358,35
273,1,2,2,True,0.986834704875946,0.5794999999579886,70
274,1,2,2,True,0.9383779764175415,0.5440649999854941,38
275,1,2,2,True,0.666160523891449,0.5740409999361873,35
276,1,2,2,True,0.8870480060577393,0.5499129999861907,78
277,1,2,2,True,0.9994626641273499,0.5996530001084466,55
278,2,2,2,True,0.9886139631271362,3.029039000011835,75
279,1,2,2,True,0.9896931052207947,0.6462030000875529,30
280,1,2,2,True,0.9633640646934509,0.5652920001466555,51
281,1,2,2,True,0.9752766489982605,0.5821879999530211,47
282,1,2,2,True,0.9656888842582703,0.552269000081651,53
283,1,2,2,True,0.9667366147041321,0.5783159999737109,38
284,1,2,2,True,0.880990743637085,0.5455360001178633,35
285,1,2,2,True,0.9605837464332581,0.5817880000904552,81
286,1,2,2,True,0.9303205013275146,0.5792119998204726,32
287,1,2,2,True,0.8756564855575562,0.5510120001872565,51
288,1,2,2,True,0.992067277431488,0.5840900000748661,77
289,1,2,2,True,0.9122968912124634,0.5430030000752595,33
290,1,2,2,True,0.956733763217926,0.5926730000282987,62
291,1,2,2,True,0.9987370371818542,0.551677000203199,33
292,1,2,2,True,0.9782673716545105,0.5798540000796493,43
293,1,2,2,True,0.9446625709533691,0.5774000001110835,57
294,1,2,2,True,0.9700174927711487,0.5480900001657574,49
295,1,2,2,True,0.9955332279205322,0.6066920000193932,70
296,1,2,2,True,0.9954971075057983,0.5535259999760456,27
297,1,2,2,True,0.978203296661377,0.5738410000049043,51
298,2,6,2,False,0.7084044218063354,2.9790629998842633,24
299,1,2,2,True,0.999344527721405,0.6446419999974751,45
300,2,3,3,True,0.8809546828269958,2.887580999868078,47
301,1,3,3,True,0.837803304195404,0.6443069999022555,36
302,1,3,3,True,0.9535065293312073,0.5872570000065025,50
303,1,3,3,True,0.9866169691085815,0.5458759999328322,30
304,1,3,3,True,0.9519683718681335,0.5835530000695144,76
305,1,3,3,True,0.9969704151153564,0.5472120001286385,26
306,1,3,3,True,0.8652054667472839,0.5772740000793419,41
307,1,3,3,True,0.9313574433326721,0.5765070000052219,26
308,1,3,3,True,0.9970231652259827,0.5463730001338263,32
309,1,3,3,True,0.9760298132896423,1.0812749999331572,47
310,1,3,3,True,0.8841263651847839,0.7465979999778938,39
311,1,3,3,True,0.9679027795791626,0.7585410000956472,23
312,1,3,3,True,0.9802244305610657,0.6255180001062399,65
313,1,3,3,True,0.9850476980209351,0.5804370000532799,39
314,1,3,3,True,0.9804196953773499,0.5765850000898354,50
315,1,3,3,True,0.9886232614517212,0.5445009999220929,28
316,1,3,3,True,0.9045895934104919,0.5789589999949385,65
317,2,3,3,True,0.9872832298278809,2.904424000007566,44
318,1,3,3,True,0.9952133297920227,0.6188300001213065,23
319,1,3,3,True,0.7008428573608398,0.5775429999630433,23
320,1,3,3,True,0.770979642868042,0.5513630001132697,45
321,1,3,3,True,0.9929146766662598,0.5758890001743566,26
322,1,3,3,True,0.9894718527793884,0.5419740000434103,40
323,1,3,3,True,0.8509324789047241,0.5734199999096745,40
324,1,3,3,True,0.6823264360427856,0.5639409998821066,35
325,1,3,3,True,0.9080207347869873,0.5415030000222032,26
326,1,3,3,True,0.9908734560012817,0.5736549999255658,60
327,1,3,3,True,0.6020271182060242,0.539872999979707,26
328,1,3,3,True,0.9824031591415405,0.5932779999966442,58
329,1,3,3,True,0.642600417137146,0.5504249998011801,15
330,1,3,3,True,0.9991846680641174,0.5677780000041821,33
331,1,3,3,True,0.8719151020050049,0.5622649998713314,27
332,1,3,3,True,0.9829391241073608,0.5525209999177605,65
333,1,3,3,True,0.8183400630950928,0.5752780000420898,36
334,1,3,3,True,0.9696387648582458,0.5447070000172971,19
335,1,3,3,True,0.8761107325553894,0.5754250000791217,22
336,1,3,3,True,0.9965332746505737,0.5429069999536296,23
337,1,3,3,True,0.9531493186950684,0.570209999978033,43
338,1,3,3,True,0.9660793542861938,0.5740120000155002,57
339,1,3,3,True,0.9970999956130981,0.5446249999749853,36
340,1,3,3,True,0.994448184967041,0.5685610001364694,39
341,1,3,3,True,0.9879371523857117,0.5551720000767091,45
342,1,3,3,True,0.9040940403938293,0.5673759999353933,33
343,1,3,3,True,0.9662385582923889,0.5496680000760534,61
344,1,3,3,True,0.8235063552856445,0.5741100001159793,46
345,1,3,3,True,0.8596492409706116,0.5549579998387344,25
346,1,3,3,True,0.7924699187278748,0.5455910002183373,36
347,3,6,3,False,1.0,181.86001300000498,30
348,1,3,3,True,0.9809014201164246,1.0263699998631637,43
349,1,3,3,True,0.9912170171737671,0.6769670001176564,35
350,1,3,3,True,0.9636884331703186,0.5673769999248179,30
351,1,3,3,True,0.9940865635871887,0.5799409998417104,23
352,1,3,3,True,0.9639637470245361,0.5547360001401103,39
353,1,3,3,True,0.7380613684654236,0.5777360001957277,21
354,1,3,3,True,0.9124236106872559,0.5906849999064434,73
355,1,3,3,True,0.9959225654602051,0.5512709999493381,44
356,1,3,3,True,0.9785342216491699,0.585345999979836,63
357,1,3,3,True,0.8114309906959534,0.5488459999014594,42
358,1,3,3,True,0.9950267672538757,0.5774460000793624,40
359,1,3,3,True,0.8655047416687012,0.5464129999381839,38
360,1,3,3,True,0.9999262690544128,0.590791000149693,21
361,1,3,3,True,0.8067415952682495,0.5784600000424689,48
362,1,3,3,True,0.934536874294281,0.555869999971037,65
363,1,3,3,True,0.9878695607185364,0.5746599999838509,36
364,2,3,3,True,0.9696388840675354,3.161251000165066,41
365,1,3,3,True,0.9794323444366455,0.6472669999766367,43
366,1,3,3,True,0.9872738122940063,0.5579950000083045,25
367,1,3,3,True,0.9945819973945618,0.5747519999204087,23
368,1,3,3,True,0.9347737431526184,0.545645000102013,25
369,1,3,3,True,0.9801455736160278,0.5754859998887696,26
370,1,3,3,True,0.9773833751678467,0.5449450000014622,31
371,1,3,3,True,0.8501858711242676,0.5764830000316579,41
372,1,3,3,True,0.7535225749015808,0.5666370000199095,36
373,1,3,3,True,0.9827789664268494,0.5523749998701533,49
374,1,3,3,True,0.747511088848114,0.5766980000316835,49
375,1,3,3,True,0.9699787497520447,0.5504709999968327,57
376,1,3,3,True,0.9681575298309326,0.5729029999201884,19
377,1,3,3,True,0.9968637228012085,0.5492630000389909,51
378,1,3,3,True,0.7692030072212219,0.6053859999610722,52
379,2,3,3,True,0.9842459559440613,3.0227580000428134,46
380,1,3,3,True,0.9122651815414429,0.6431409999549942,29
381,1,3,3,True,0.7961611151695251,0.5653970001731068,63
382,1,3,3,True,0.9566141366958618,0.5743870001424511,26
383,2,0,3,False,0.9286838173866272,3.144098000120721,56
384,1,3,3,True,0.8467133641242981,0.6470939999871916,45
385,1,3,3,True,0.967290461063385,0.5599569999503728,36
386,1,3,3,True,0.6427335739135742,0.5735639999784325,17
387,1,3,3,True,0.9817642569541931,0.5493930000284308,23
388,1,3,3,True,0.9107694625854492,0.5960170001344522,70
389,1,3,3,True,0.9998045563697815,0.5544400000871974,39
390,1,3,3,True,0.9832524061203003,0.5944569998064253,29
391,1,3,3,True,0.9265536069869995,0.5910229999699368,45
392,1,3,3,True,0.9903731346130371,0.5511279998700047,23
393,1,3,3,True,0.9631240367889404,0.5732720001105918,32
394,1,3,3,True,0.8269791603088379,0.5457699999169563,30
395,1,3,3,True,0.8237767815589905,0.5758830000104354,40
396,1,3,3,True,0.9838212132453918,0.55099400015024,59
397,1,3,3,True,0.9989387392997742,0.5777239998678851,44
398,1,3,3,True,0.9583368301391602,0.592066000081104,23
399,1,3,3,True,0.8940766453742981,0.553548999960185,24
400,1,4,4,True,0.999768078327179,0.5894270000226243,35
401,1,4,4,True,0.9979559183120728,0.5496190001395007,30
402,1,4,4,True,0.9967374205589294,0.584331000027305,45
403,1,4,4,True,0.9981258511543274,0.5771959999947285,45
404,1,4,4,True,0.9820106625556946,0.5652009999721486,39
405,1,4,4,True,0.9537463188171387,0.5761639999946055,28
406,1,4,4,True,0.9989538192749023,0.5558670000027632,41
407,1,4,4,True,0.982449471950531,0.598108000076536,51
408,1,4,4,True,0.9934908747673035,0.5498380000972247,38
409,1,4,4,True,0.8836538195610046,0.5824009999741975,44
410,1,4,4,True,0.9983919262886047,0.5708090000098309,35
411,1,4,4,True,0.9991482496261597,0.5475729999488976,27
412,1,4,4,True,0.9989213943481445,0.5767179998201755,35
413,1,4,4,True,0.9869503378868103,0.5393889998686063,18
414,1,4,4,True,0.9960640668869019,0.5748789999415749,39
415,1,4,4,True,0.996661901473999,0.5458900000121503,25
416,1,4,4,True,0.9571247696876526,0.6059299998923962,52
417,1,4,4,True,0.9956656098365784,0.5716160001156823,33
418,1,4,4,True,0.9975117444992065,0.5461870000544877,29
419,1,4,4,True,0.7962875962257385,0.5790119998891896,52
420,1,4,4,True,0.9868620038032532,0.5450429998745676,29
421,1,4,4,True,0.9992712140083313,0.5829449999055214,32
422,1,4,4,True,0.9956968426704407,0.5544600001030631,36
423,1,4,4,True,0.9893984198570251,0.5862400000751222,98
424,1,4,4,True,0.9145988821983337,0.5816870000217023,51
425,2,4,4,True,0.9905068874359131,3.113640000037776,33
426,1,4,4,True,0.9953293800354004,0.6289320001542364,32
427,1,4,4,True,0.9996278882026672,0.5844659999638679,42
428,1,4,4,True,0.9178168177604675,0.5751859998781583,48
429,1,4,4,True,0.96651691198349,0.5513309999969351,25
430,1,4,4,True,0.9853618144989014,0.5753650000315247,33
431,2,4,4,True,0.9915463328361511,2.871975000061866,28
432,1,4,4,True,0.9984606504440308,0.6238000000848842,36
433,1,4,4,True,0.9802331924438477,0.5830699999478384,26
434,1,4,4,True,0.9688301086425781,0.5485309998221055,36
435,1,4,4,True,0.9991391897201538,0.5742010000631126,37
436,1,4,4,True,0.9777922630310059,0.5488720000812464,65
437,1,4,4,True,0.999826967716217,0.5782999999155436,33
438,1,4,4,True,0.9974980354309082,0.5715460001738393,30
439,1,4,4,True,0.9997897744178772,0.5497189999914553,42
440,1,4,4,True,0.9984537959098816,0.5691599999408936,31
441,1,4,4,True,0.9591878056526184,0.5494119998274982,61
442,1,4,4,True,0.9997624754905701,0.5917759999647387,32
443,1,4,4,True,0.9751030802726746,0.5457810000280006,36
444,1,4,4,True,0.997050404548645,0.5722419998619444,35
445,1,4,4,True,0.9979669451713562,0.5664540001362184,29
446,1,4,4,True,0.9992823004722595,0.5584959999396233,39
447,1,4,4,True,0.9981433153152466,0.5703210001684056,33
448,1,4,4,True,0.9969727993011475,0.5572929999289045,31
449,1,4,4,True,0.9982534050941467,0.5845610000960733,39
450,1,4,4,True,0.976448118686676,0.5571629999394645,41
451,1,4,4,True,0.9961618781089783,0.5702680000467808,41
452,1,4,4,True,0.9954209923744202,0.564660999998523,33
453,1,4,4,True,0.9948463439941406,0.5463649999910558,38
454,1,4,4,True,0.9845501780509949,0.5723090000628872,27
455,1,4,4,True,0.8545418977737427,0.5512769998858857,49
456,1,4,4,True,0.9989847540855408,0.5740169999626232,38
457,1,4,4,True,0.9970628023147583,0.5394560000695492,23
458,1,4,4,True,0.9694867134094238,0.5788209998627281,48
459,1,4,4,True,0.999826967716217,0.5684000000201195,33
460,1,4,4,True,0.9641273617744446,0.5532480001875228,41
461,1,4,4,True,0.9438303112983704,0.5725200001052144,36
462,1,4,4,True,0.992002010345459,0.5376120000164519,25
463,1,4,4,True,0.9905925393104553,0.5845790001330897,34
464,1,4,4,True,0.9988268613815308,0.542561999964164,43
465,1,4,4,True,0.8088168501853943,0.5867689999377035,47
466,1,4,4,True,0.9149718880653381,0.5795090000901837,36
467,1,4,4,True,0.9992648959159851,0.551930999790784,28
468,1,4,4,True,0.9792683720588684,0.5806630001643498,56
469,1,4,4,True,0.998928427696228,0.5523469999388908,28
470,1,4,4,True,0.9979904294013977,0.5770949999259756,69
471,1,4,4,True,0.999524712562561,0.5412450000221725,29
472,1,4,4,True,0.9643772840499878,0.5793150000954483,54
473,1,4,4,True,0.8822590112686157,0.5686950000836077,34
474,1,4,4,True,0.9972150325775146,0.5441749999590684,31
475,1,4,4,True,0.9924923777580261,0.5669290001151239,19
476,1,4,4,True,0.9110378623008728,0.5441050000172254,36
477,1,4,4,True,0.9991247057914734,0.5834189998950023,42
478,1,4,4,True,0.8339986205101013,0.54247299999588,33
479,1,4,4,True,0.9739959836006165,0.5771849998836842,44
480,1,4,4,True,0.9942113757133484,0.5720720000681467,53
481,1,4,4,True,0.9929684996604919,0.551143000166121,51
482,1,4,4,True,0.9211161732673645,0.5743179999626591,44
483,1,4,4,True,0.9990119934082031,0.5534920001082355,46
484,1,4,4,True,0.9994727373123169,0.5761009999787348,43
485,2,4,4,True,0.9903002977371216,2.984477999916635,31
486,1,4,4,True,0.9961959719657898,0.6237229999896954,25
487,1,4,4,True,0.9795377850532532,0.5885479999960808,45
488,1,4,4,True,0.7632413506507874,0.5683740000677062,20
489,1,4,4,True,0.9324260354042053,0.5535339998914424,61
490,1,4,4,True,0.9770447015762329,0.5718959998830542,20
491,1,4,4,True,0.9989610910415649,0.5420840000169846,36
492,1,4,4,True,0.9996691942214966,0.5729479998990428,35
493,1,4,4,True,0.947931706905365,0.5382199999530712,30
494,1,4,4,True,0.998928427696228,0.5700110000361747,28
495,1,4,4,True,0.9792683720588684,0.5746809999891411,56
496,1,4,4,True,0.999849796295166,0.556125000002794,31
497,1,4,4,True,0.9990822672843933,0.575814000058017,33
498,1,4,4,True,0.9002513885498047,0.5550989999392186,36
499,1,4,4,True,0.998273491859436,0.5704070001684158,32
500,1,5,5,True,0.7176753282546997,0.5443869999908202,37
501,1,5,5,True,0.9985471367835999,0.5727870000100665,35
502,1,5,5,True,0.9899972677230835,0.5670630000622623,42
503,1,5,5,True,0.9601719975471497,0.55058599991753,38
504,1,5,5,True,0.8704136610031128,0.5881290001070738,57
505,1,5,5,True,0.8920422196388245,0.5427149999377434,38
506,1,5,5,True,0.9241383671760559,0.5797040000743436,50
507,1,5,5,True,0.8332844376564026,0.5481270000018412,55
508,1,5,5,True,0.7327937483787537,0.5926199999066739,39
509,1,5,5,True,0.9686570167541504,0.5687569998826802,37
510,1,5,5,True,0.9491822719573975,0.548832999811566,48
511,1,5,5,True,0.9981359243392944,0.5743789999996807,30
512,1,5,5,True,0.9663772583007812,0.5440699999326171,45
513,1,5,5,True,0.9628930687904358,0.5734629999096796,38
514,1,5,5,True,0.8513277769088745,0.559042999839221,49
515,1,5,5,True,0.9523802399635315,0.573721000137084,38
516,1,5,5,True,0.9710898399353027,0.5874360001598689,69
517,1,5,5,True,0.9053988456726074,0.5527610001081484,54
518,1,5,5,True,0.9898532629013062,0.5783470001006208,54
519,1,5,5,True,0.7788071036338806,0.5418279999958031,25
520,1,5,5,True,0.9191182851791382,0.5717380001897254,27
521,1,5,5,True,0.9719833731651306,0.5472350001127779,54
522,1,5,5,True,0.9664161801338196,0.5793299999368173,41
523,1,5,5,True,0.9891517758369446,0.5702649998511333,54
524,1,5,5,True,0.7950530648231506,0.5557400002089707,29
525,1,5,5,True,0.9956309795379639,0.5743869999150775,38
526,1,5,5,True,0.9870730638504028,0.5447490000278776,42
527,1,5,5,True,0.9561226963996887,0.5735830000048736,37
528,2,5,5,True,0.9864879250526428,3.0949629999668105,45
529,1,5,5,True,0.9970234036445618,0.6513600001198938,34
530,1,5,5,True,0.767703115940094,0.5570989999341691,30
531,1,5,5,True,0.9711463451385498,0.5785390001165069,44
532,1,5,5,True,0.892331063747406,0.5445859999326785,32
533,1,5,5,True,0.9666572213172913,0.5849760000273818,42
534,1,5,5,True,0.7159895300865173,0.5433139999695413,29
535,1,5,5,True,0.9556804895401001,0.5805139999210951,51
536,1,5,5,True,0.9417960047721863,0.5778699999154924,56
537,1,5,5,True,0.7052371501922607,0.5511059998752899,45
538,1,5,5,True,0.8293144106864929,0.588768999932654,43
539,1,5,5,True,0.8978521227836609,0.5469509999329603,56
540,1,5,5,True,0.9785370826721191,0.5722160001369048,40
541,1,5,5,True,0.9868273735046387,0.5445609999696899,41
542,1,5,5,True,0.9961628913879395,0.576516000137417,41
543,1,5,5,True,0.9585756659507751,0.5821810000270489,60
544,1,5,5,True,0.9302225112915039,0.5549599998175836,45
545,1,5,5,True,0.9857593774795532,0.5727220000153466,44
546,1,5,5,True,0.6678913235664368,0.5518729999494099,41
547,1,5,5,True,0.9554991722106934,0.5861859999640728,37
548,1,5,5,True,0.9168360829353333,0.5526420000023791,63
549,1,5,5,True,0.9817018508911133,0.5846119997841015,75
550,1,5,5,True,0.9523594379425049,0.5765829998836125,43
551,1,5,5,True,0.8882611989974976,0.5539129999760917,64
552,1,5,5,True,0.9606300592422485,0.5809420001696708,67
553,1,5,5,True,0.8153196573257446,0.5398890000378742,23
554,1,5,5,True,0.964248776435852,0.5755170000156795,50
555,1,5,5,True,0.9491088390350342,0.5714080000416288,53
556,1,5,5,True,0.7956085801124573,0.5819529999371298,61
557,1,5,5,True,0.9798277616500854,0.5693740001788683,43
558,1,5,5,True,0.9788146615028381,0.5483449999701406,38
559,1,5,5,True,0.971164345741272,0.5698690001736395,41
560,1,5,5,True,0.8577072024345398,0.5486810000547848,37
561,1,5,5,True,0.9377373456954956,0.5778320000899839,49
562,1,5,5,True,0.7182577848434448,0.5602060000455822,41
563,1,5,5,True,0.9204309582710266,0.5833749999055726,44
564,1,5,5,True,0.8540045022964478,0.5824410000059288,38
565,2,5,5,True,0.9842162728309631,3.053574999967168,36
566,2,5,5,True,0.9766333103179932,2.9774689999158,49
567,1,5,5,True,0.9285668730735779,0.6128439999883994,34
568,1,5,5,True,0.7922911643981934,0.5862900000010995,49
569,1,5,5,True,0.8415126204490662,0.5482359999859909,46
570,1,5,5,True,0.891284704208374,0.5714029998671322,35
571,1,5,5,True,0.9603195786476135,0.5838700001277175,43
572,1,5,5,True,0.9474737048149109,0.5548059998545796,32
573,1,5,5,True,0.7117413282394409,0.5669320000833977,15
574,1,5,5,True,0.8772794008255005,0.5532689999654394,48
575,1,5,5,True,0.9789891839027405,0.5869569999958912,64
576,1,5,5,True,0.9584565162658691,0.5462210001496715,44
577,1,5,5,True,0.8454360961914062,0.5801709999104787,62
578,1,5,5,True,0.7235860228538513,0.587517999974807,32
579,1,5,5,True,0.8130596280097961,0.5713970001579582,42
580,1,5,5,True,0.8992745876312256,0.586498000075153,73
581,1,5,5,True,0.9997043013572693,0.5432440000276983,31
582,1,5,5,True,0.7550390362739563,0.5897639998693194,59
583,1,5,5,True,0.9723053574562073,0.5428580000170768,40
584,1,5,5,True,0.9573161005973816,0.5750430000261986,57
585,1,5,5,True,0.9545033574104309,0.572516999909567,44
586,1,5,5,True,0.9806736707687378,0.5459010001231945,34
587,1,5,5,True,0.8061501383781433,0.5728220000946749,38
588,1,5,5,True,0.9845091700553894,0.556971000150952,58
589,1,5,5,True,0.9902932047843933,0.5841079998845089,41
590,1,5,5,True,0.9650834798812866,0.5537929998808977,39
591,1,5,5,True,0.8027709722518921,0.5801719998999033,77
592,1,5,5,True,0.7949373722076416,0.5799890000162122,33
593,1,5,5,True,0.933558464050293,0.546775999964666,40
594,1,5,5,True,0.9197084903717041,0.5795529998522397,58
595,1,5,5,True,0.9437769055366516,0.5479339999965305,47
596,1,5,5,True,0.9780293703079224,0.5733660000259988,48
597,1,5,5,True,0.9293793439865112,0.5435299999589915,42
598,1,5,5,True,0.9882552027702332,0.572735999867291,46
599,1,5,5,True,0.9570444226264954,0.5899890002183383,35
600,1,6,6,True,0.7456571459770203,0.5473549999805982,39
601,1,6,6,True,0.8820950984954834,0.5686950000836077,20
602,1,6,6,True,0.8170945644378662,0.5564309999499528,46
603,1,6,6,True,0.9971693158149719,0.5715120000786555,25
604,2,5,6,False,0.8585013151168823,2.998545000082231,45
605,1,6,6,True,0.9439297318458557,0.6497069998658844,52
606,2,6,6,True,0.9919328093528748,2.811801000007108,41
607,1,6,6,True,0.7488937973976135,0.636976999885519,46
608,1,6,6,True,0.7159687280654907,0.5857859998741333,59
609,1,5,6,False,0.6865901350975037,0.5502880001131416,49
610,1,6,6,True,0.9114549160003662,0.5851089999850956,70
611,1,6,6,True,0.7708961963653564,0.5520429999705811,62
612,2,6,6,True,0.9916037917137146,2.795870999989347,60
613,1,6,6,True,0.9819046854972839,0.6491639999239851,56
614,1,6,6,True,0.9394024610519409,0.5590270000084274,53
615,1,6,6,True,0.9807454943656921,0.5818040001486224,48
616,1,6,6,True,0.6849325895309448,0.5795170000055805,52
617,1,6,6,True,0.7625324726104736,0.5547739999656187,50
618,1,6,6,True,0.6450682282447815,0.5759350001426355,50
619,2,6,6,True,0.95577472448349,2.7876829999513575,44
620,1,6,6,True,0.9081206917762756,0.6451409999499447,38
621,2,6,6,True,0.9911455512046814,2.7656889999434497,39
622,1,6,6,True,0.8063322305679321,0.6671390001429245,59
623,1,6,6,True,0.9165984392166138,0.566832999993494,54
624,1,6,6,True,0.6937344670295715,0.5837649998738925,49
625,2,6,6,True,0.9911196827888489,2.740156999834653,65
626,1,6,6,True,0.9480500817298889,0.647910999987289,66
627,1,6,6,True,0.9740482568740845,0.5896259999644826,71
628,1,6,6,True,0.7542726397514343,0.5552190000344126,46
629,1,6,6,True,0.7947452664375305,0.5795340000531723,45
630,1,6,6,True,0.9639472365379333,0.5449039999803063,33
631,1,6,6,True,0.9170258641242981,0.5790179998257372,49
632,1,6,6,True,0.9256899952888489,0.5819439998049347,39
633,1,6,6,True,0.9841118454933167,0.5569380000451929,29
634,1,6,6,True,0.9781269431114197,0.5721799998354982,24
635,1,6,6,True,0.9508155584335327,0.5523380000340694,25
636,2,5,6,False,0.9044358134269714,2.75089100000514,35
637,1,6,6,True,0.9122999310493469,0.6413830001292808,51
638,1,6,6,True,0.8473629951477051,0.556074999849443,53
639,1,6,6,True,0.8596455454826355,0.5781070001376065,29
640,1,6,6,True,0.8694687485694885,0.5518409998330753,50
641,1,6,6,True,0.9814696311950684,0.6089739999879384,48
642,1,6,6,True,0.7773333787918091,0.5779690000053961,39
643,1,6,6,True,0.8851400017738342,0.5581610000717774,61
644,1,6,6,True,0.9900845289230347,0.5777590001798671,45
645,2,6,6,True,0.9916253685951233,2.7062460001161526,32
646,1,6,6,True,0.8971314430236816,0.6434500000978005,44
647,1,6,6,True,0.9823356866836548,0.589307000154804,53
648,1,6,6,True,0.9983565807342529,0.5539129999760917,50
649,2,6,6,True,0.9882832169532776,2.762845000006564,23
650,1,6,6,True,0.8360061645507812,0.6382560000020021,47
651,1,6,6,True,0.9914275407791138,0.5620700001145451,65
652,1,6,6,True,0.9919037222862244,0.5791270000372606,41
653,1,6,6,True,0.9683818817138672,0.547836999885476,35
654,1,6,6,True,0.9713563919067383,0.5869609999535896,53
655,3,6,6,True,1.0,181.09083900003498,27
656,1,6,6,True,0.9555416107177734,1.0819710000760097,37
657,1,6,6,True,0.981555163860321,0.7174519998898177,32
658,1,6,6,True,0.8890565633773804,0.5777589999524935,46
659,1,6,6,True,0.9196918606758118,0.5865749999429681,55
660,2,5,6,False,0.9309491515159607,3.167118999954255,30
661,1,6,6,True,0.9921799898147583,0.6718699999055389,35
662,2,6,6,True,0.9875453114509583,2.95479700002943,37
663,1,6,6,True,0.8832002878189087,0.6585179999092361,68
664,1,6,6,True,0.8404938578605652,0.566902999935337,41
665,1,6,6,True,0.7099719047546387,0.5906970000069123,38
666,1,6,6,True,0.9844452738761902,0.5500029999438993,32
667,1,6,6,True,0.942901611328125,0.5750160000843607,29
668,1,6,6,True,0.9835430383682251,0.5501260000073671,51
669,1,6,6,True,0.9772058725357056,0.576480999825435,32
670,1,5,6,False,0.6412991285324097,0.5682249998244515,22
671,1,6,6,True,0.9241400957107544,0.5606999998235551,69
672,1,6,6,True,0.7324244976043701,0.5843090000325901,62
673,1,6,6,True,0.9646932482719421,0.5502620001607283,54
674,1,6,6,True,0.9325206279754639,0.578344000132347,47
675,1,6,6,True,0.9592980742454529,0.5503990000761405,41
676,1,6,6,True,0.9827771186828613,0.5828719999954046,61
677,1,6,6,True,0.9638002514839172,0.6027869999343238,64
678,2,6,6,True,0.9898924827575684,2.9390290001174435,56
679,1,6,6,True,0.921827495098114,0.6208309998783079,54
680,1,6,6,True,0.9376237988471985,0.5925800001023163,60
681,1,6,6,True,0.7528929710388184,0.5529219999971247,54
682,1,6,6,True,0.9473463296890259,0.5819729999529955,46
683,1,6,6,True,0.9814273715019226,0.5488760000389448,44
684,1,6,6,True,0.9778253436088562,0.5760389999522886,31
685,1,6,6,True,0.9832125306129456,0.578103999941959,36
686,1,6,6,True,0.8350319862365723,0.5477610000070854,25
687,1,6,6,True,0.9609968662261963,0.711151999894355,59
688,1,6,6,True,0.9925639033317566,0.5658840000251075,24
689,1,6,6,True,0.9221069812774658,0.5811180001273897,36
690,1,6,6,True,0.9249183535575867,0.582536999900185,69
691,1,6,6,True,0.997841477394104,0.5481379998855118,43
692,1,6,6,True,0.9925639033317566,0.5743129997881624,24
693,1,6,6,True,0.8896448016166687,0.556776999928843,42
694,1,6,6,True,0.9778253436088562,0.5761100001109298,31
695,1,6,6,True,0.8152943849563599,0.55949700004021,41
696,1,6,6,True,0.9946486353874207,0.561329999982263,65
697,1,6,6,True,0.9918171763420105,0.5988760001400806,50
698,1,6,6,True,0.7266356945037842,0.559456000019054,61
699,1,6,6,True,0.6437565088272095,0.5840579999585316,49
